field_id,crop_type,growth_stage,csi,water_deficit_mm,advisory_status,latitude,longitude,etc_mm,rainfall_mm,recommended_depth_mm
FLD-0001,cotton,sowing,0.412,-8.7,Adequate,30.2406,76.0056,10.1,18.9,0.0
FLD-0002,cotton,vegetative,0.569,22.4,Urgent,29.6048,75.5448,25.6,3.2,24.6
FLD-0003,cotton,flowering,0.191,-20.8,Adequate,30.1729,75.9009,50.5,71.3,0.0
FLD-0004,cotton,maturity,0.646,4.4,Adequate,29.4965,76.1959,33.3,29.0,4.8
FLD-0005,cotton,harvest,0.733,-54.8,Adequate,29.6499,75.5655,18.4,73.3,0.0
FLD-0006,wheat,sowing,0.278,4.1,Adequate,29.7234,75.8398,11.6,7.5,4.5
FLD-0007,wheat,vegetative,0.452,23.9,Urgent,29.713,75.9095,29.2,5.4,26.2
FLD-0008,wheat,flowering,0.248,-5.1,Adequate,29.7137,75.7131,50.5,55.6,0.0
FLD-0009,wheat,maturity,0.469,-50.7,Adequate,30.1081,75.5797,33.3,84.0,0.0
FLD-0010,wheat,harvest,0.51,-36.4,Adequate,29.9539,75.4572,11.5,47.9,0.0
FLD-0011,cotton,sowing,0.575,1.2,Adequate,29.6164,75.472,10.1,9.0,1.3
FLD-0012,cotton,vegetative,0.814,20.6,Urgent,30.2525,76.0667,25.6,5.0,22.6
FLD-0013,cotton,flowering,0.363,0.2,Adequate,29.5581,75.9674,50.5,50.2,0.3
FLD-0014,cotton,maturity,0.458,-12.1,Adequate,29.5776,75.8161,33.3,45.4,0.0
FLD-0015,cotton,maturity,0.174,-18.3,Adequate,30.2075,75.627,32.3,50.5,0.0
FLD-0016,cotton,harvest,0.614,-1.5,Adequate,29.7294,75.8361,16.0,17.5,0.0
FLD-0017,wheat,vegetative,0.533,21.8,Urgent,29.6279,76.1957,23.2,1.4,24.0
FLD-0018,wheat,vegetative,0.693,2.3,Adequate,30.2316,76.1359,29.2,27.0,2.5
FLD-0019,wheat,flowering,0.569,10.3,Watch,30.2175,75.4908,50.5,40.2,11.3
FLD-0020,wheat,maturity,0.287,-11.2,Adequate,29.5162,75.6803,33.3,44.6,0.0
FLD-0021,wheat,harvest,0.422,-36.7,Adequate,29.6971,76.083,11.5,48.2,0.0
FLD-0022,wheat,vegetative,0.4,12.5,Watch,29.7047,75.8542,23.2,10.6,13.8
FLD-0023,wheat,vegetative,0.249,19.3,Urgent,30.1218,75.4796,29.2,10.0,21.2
FLD-0024,wheat,maturity,0.841,-27.8,Adequate,30.0978,75.579,30.7,58.5,0.0
FLD-0025,wheat,harvest,0.154,-32.0,Adequate,30.1324,75.9855,11.9,43.9,0.0
FLD-0026,wheat,vegetative,0.66,19.6,Urgent,30.097,75.4792,23.2,3.6,21.5
FLD-0027,wheat,vegetative,0.401,26.9,Critical,29.5727,76.1105,29.2,2.3,29.6
FLD-0028,wheat,flowering,0.586,-19.8,Adequate,29.7447,75.4708,50.5,70.2,0.0
FLD-0029,wheat,maturity,0.368,-29.8,Adequate,29.7401,76.0037,33.3,63.1,0.0
FLD-0030,cotton,sowing,0.596,-14.2,Adequate,30.1898,75.7978,10.1,24.4,0.0
FLD-0031,cotton,vegetative,0.234,14.4,Watch,30.0506,76.0286,25.6,11.2,15.8
FLD-0032,cotton,flowering,0.543,-2.6,Adequate,30.0968,75.815,50.5,53.1,0.0
FLD-0033,cotton,flowering,0.516,14.6,Watch,29.822,75.4403,54.8,40.1,16.1
FLD-0034,cotton,maturity,0.226,-6.6,Adequate,29.5051,75.9291,32.3,38.9,0.0
FLD-0035,cotton,harvest,0.37,-2.1,Adequate,29.8869,76.1461,16.0,18.1,0.0
FLD-0036,wheat,vegetative,0.325,16.0,Urgent,29.8083,76.0244,23.2,7.1,17.6
FLD-0037,wheat,vegetative,0.31,7.8,Watch,29.5416,75.6518,29.2,21.4,8.6
FLD-0038,wheat,maturity,0.263,-6.3,Adequate,30.2238,76.0665,30.7,37.0,0.0
FLD-0039,wheat,harvest,0.593,-66.2,Adequate,30.1772,76.0629,11.9,78.1,0.0
FLD-0040,cotton,sowing,0.281,4.5,Adequate,30.194,75.8515,10.1,5.6,5.0
FLD-0041,cotton,vegetative,0.715,21.6,Urgent,30.1969,75.6744,25.6,4.0,23.7
FLD-0042,cotton,flowering,0.227,15.3,Urgent,29.6623,75.7617,50.5,35.2,16.8
FLD-0043,cotton,flowering,0.723,16.5,Urgent,30.1686,75.4256,54.8,38.3,18.1
FLD-0044,cotton,maturity,0.508,-15.2,Adequate,29.8139,75.5977,32.3,47.4,0.0
FLD-0045,cotton,harvest,0.234,-4.2,Adequate,29.7501,76.1743,16.0,20.2,0.0
FLD-0046,sugarcane,vegetative,0.376,12.5,Watch,29.895,75.9824,21.7,9.3,13.7
FLD-0047,sugarcane,vegetative,0.405,2.5,Adequate,30.2574,76.19,27.4,24.9,2.8
FLD-0048,sugarcane,vegetative,0.326,-13.4,Adequate,29.8778,75.6607,32.9,46.3,0.0
FLD-0049,sugarcane,flowering,0.349,23.2,Urgent,29.5095,75.9077,59.6,36.4,25.5
FLD-0050,sugarcane,flowering,0.502,28.0,Critical,29.5212,75.6429,57.6,29.6,30.8
FLD-0051,sugarcane,maturity,0.786,2.7,Adequate,29.6716,75.5359,29.9,27.2,3.0
FLD-0052,sugarcane,maturity,0.493,21.6,Urgent,30.2685,75.6136,24.0,2.4,23.8
FLD-0053,sugarcane,harvest,0.62,7.9,Watch,30.0893,75.6101,12.9,5.1,8.7
FLD-0054,rice,vegetative,0.66,31.9,Critical,29.7742,75.9258,31.9,0.0,35.0
FLD-0055,rice,vegetative,0.593,19.8,Urgent,29.9086,75.4922,40.2,20.4,21.8
FLD-0056,rice,flowering,0.735,39.7,Critical,29.7366,75.5692,52.7,13.0,43.7
FLD-0057,rice,maturity,0.179,-3.3,Adequate,29.9527,75.9621,42.9,46.2,0.0
FLD-0058,cotton,sowing,0.162,-4.8,Adequate,29.8897,75.6012,10.1,15.0,0.0
FLD-0059,cotton,vegetative,0.602,20.2,Urgent,29.6195,75.9728,25.6,5.4,22.2
FLD-0060,cotton,flowering,0.421,5.1,Watch,30.2294,75.53,50.5,45.3,5.6
FLD-0061,cotton,maturity,0.389,-8.0,Adequate,29.5708,76.1598,33.3,41.3,0.0
FLD-0062,cotton,harvest,0.764,-15.1,Adequate,29.6864,75.948,18.4,33.5,0.0
FLD-0063,cotton,sowing,0.722,5.9,Watch,29.9242,75.8437,10.1,4.3,6.4
FLD-0064,cotton,vegetative,0.319,-4.4,Adequate,29.5545,76.1378,25.6,30.0,0.0
FLD-0065,cotton,vegetative,0.78,-11.9,Adequate,29.9865,75.6912,30.7,42.6,0.0
FLD-0066,cotton,flowering,0.394,18.9,Urgent,30.0608,76.1377,54.8,35.9,20.7
FLD-0067,cotton,maturity,0.771,-22.9,Adequate,30.1039,75.9336,32.3,55.2,0.0
FLD-0068,cotton,harvest,0.209,5.1,Watch,29.6093,76.1388,16.0,10.9,5.6
FLD-0069,sugarcane,sowing,0.575,9.4,Watch,29.4874,75.5012,14.6,5.2,10.4
FLD-0070,sugarcane,vegetative,0.614,-4.3,Adequate,29.484,75.5486,32.9,37.2,0.0
FLD-0071,sugarcane,vegetative,0.534,-3.1,Adequate,30.0335,75.9416,35.7,38.9,0.0
FLD-0072,sugarcane,flowering,0.307,-13.6,Adequate,30.0497,75.6098,57.6,71.2,0.0
FLD-0073,sugarcane,flowering,0.378,17.3,Urgent,30.0772,75.9397,49.9,32.6,19.0
FLD-0074,sugarcane,maturity,0.744,17.7,Urgent,30.0061,75.8746,24.0,6.2,19.5
FLD-0075,sugarcane,maturity,0.216,11.2,Watch,29.7742,75.6322,19.4,8.2,12.3
FLD-0076,sugarcane,harvest,0.321,11.8,Watch,30.2584,75.7345,12.2,0.4,13.0
FLD-0077,sugarcane,harvest,0.774,1.6,Adequate,29.9849,76.0558,1.6,0.0,1.8
FLD-0078,cotton,sowing,0.502,7.6,Watch,29.9415,75.814,10.1,2.5,8.4
FLD-0079,cotton,vegetative,0.287,21.4,Urgent,30.058,75.6446,25.6,4.2,23.6
FLD-0080,cotton,flowering,0.167,-1.2,Adequate,29.9964,75.5617,50.5,51.7,0.0
FLD-0081,cotton,maturity,0.808,4.6,Adequate,30.2431,76.1519,33.3,28.8,5.0
FLD-0082,cotton,harvest,0.409,-8.3,Adequate,29.4924,76.1627,18.4,26.8,0.0
FLD-0083,wheat,sowing,0.45,9.1,Watch,30.2533,76.1909,11.6,2.5,10.0
FLD-0084,wheat,vegetative,0.747,17.2,Urgent,29.7156,75.7281,29.2,12.0,18.9
FLD-0085,wheat,flowering,0.746,-37.5,Adequate,29.7335,75.5556,50.5,88.0,0.0
FLD-0086,wheat,maturity,0.54,-14.0,Adequate,30.2289,75.9768,33.3,47.3,0.0
FLD-0087,wheat,harvest,0.549,-18.6,Adequate,29.5577,75.912,11.5,30.1,0.0
FLD-0088,rice,sowing,0.843,26.1,Critical,29.5921,75.8347,30.4,4.3,28.7
FLD-0089,rice,vegetative,0.764,26.3,Critical,30.0726,75.9776,40.2,13.9,28.9
FLD-0090,rice,flowering,0.642,-6.1,Adequate,29.7676,75.6549,52.7,58.7,0.0
FLD-0091,rice,maturity,0.717,-28.9,Adequate,30.1281,76.1137,42.9,71.8,0.0
FLD-0092,cotton,sowing,0.789,3.9,Adequate,29.8891,75.8212,10.1,6.3,4.3
FLD-0093,cotton,vegetative,0.709,13.4,Watch,30.0,75.9816,25.6,12.2,14.7
FLD-0094,cotton,flowering,0.707,-23.5,Adequate,30.192,75.6904,50.5,74.0,0.0
FLD-0095,cotton,maturity,0.413,11.9,Watch,29.5552,75.8826,33.3,21.5,13.0
FLD-0096,cotton,harvest,0.175,-45.6,Adequate,29.8525,75.8541,18.4,64.1,0.0
FLD-0097,wheat,sowing,0.351,5.7,Watch,29.9527,75.4444,11.6,5.9,6.3
FLD-0098,wheat,vegetative,0.176,18.9,Urgent,30.1381,75.7082,29.2,10.4,20.8
FLD-0099,wheat,flowering,0.239,11.3,Watch,29.8978,76.036,50.5,39.2,12.4
FLD-0100,wheat,maturity,0.301,-0.4,Adequate,29.9783,75.4883,33.3,33.8,0.0
FLD-0101,wheat,harvest,0.186,-30.9,Adequate,29.9051,75.8525,11.5,42.4,0.0
FLD-0102,cotton,sowing,0.596,0.2,Adequate,30.0609,76.2007,10.1,9.9,0.2
FLD-0103,cotton,vegetative,0.511,20.6,Urgent,29.7384,76.0561,25.6,5.0,22.7
FLD-0104,cotton,flowering,0.34,15.4,Urgent,29.8312,75.4828,50.5,35.1,16.9
FLD-0105,cotton,maturity,0.168,-1.1,Adequate,30.2501,76.0888,33.3,34.5,0.0
FLD-0106,cotton,maturity,0.637,-7.7,Adequate,29.8072,75.5586,32.3,40.0,0.0
FLD-0107,cotton,harvest,0.26,1.9,Adequate,29.6802,75.8594,16.0,14.0,2.1
FLD-0108,sugarcane,sowing,0.65,9.8,Watch,30.0082,75.6439,11.6,1.8,10.8
FLD-0109,sugarcane,vegetative,0.818,13.1,Watch,30.0703,75.8635,27.4,14.3,14.4
FLD-0110,sugarcane,vegetative,0.578,-18.5,Adequate,29.8157,75.6182,32.9,51.4,0.0
FLD-0111,sugarcane,flowering,0.399,18.9,Urgent,30.0863,75.4315,59.6,40.6,20.8
FLD-0112,sugarcane,flowering,0.231,28.0,Critical,29.5168,75.4526,57.6,29.6,30.8
FLD-0113,sugarcane,maturity,0.749,6.3,Watch,30.0429,75.7993,29.9,23.6,7.0
FLD-0114,sugarcane,maturity,0.218,18.4,Urgent,29.8733,75.7988,24.0,5.6,20.2
FLD-0115,sugarcane,maturity,0.271,14.2,Watch,29.8271,75.7388,19.4,5.2,15.7
FLD-0116,sugarcane,harvest,0.581,5.7,Watch,29.9881,75.4562,12.2,6.5,6.3
FLD-0117,rice,sowing,0.412,22.0,Urgent,29.9807,75.8225,30.4,8.4,24.3
FLD-0118,rice,vegetative,0.75,12.9,Watch,30.007,75.5503,40.2,27.3,14.2
FLD-0119,rice,flowering,0.199,4.4,Adequate,29.9939,75.4412,52.7,48.3,4.8
FLD-0120,rice,maturity,0.56,2.8,Adequate,30.2322,75.8804,42.9,40.1,3.1
FLD-0121,cotton,vegetative,0.422,10.4,Watch,29.9946,75.7866,20.3,9.9,11.4
FLD-0122,cotton,vegetative,0.532,-0.2,Adequate,30.2332,75.7289,25.6,25.8,0.0
FLD-0123,cotton,flowering,0.823,2.3,Adequate,30.2043,75.5766,50.5,48.2,2.5
FLD-0124,cotton,maturity,0.199,-27.8,Adequate,29.5606,75.4346,33.3,61.1,0.0
FLD-0125,cotton,harvest,0.216,-6.0,Adequate,30.0264,75.477,18.4,24.5,0.0
FLD-0126,cotton,harvest,0.373,-36.0,Adequate,30.1559,75.4386,16.0,51.9,0.0
FLD-0127,cotton,vegetative,0.72,11.3,Watch,29.7055,75.5145,20.3,9.0,12.4
FLD-0128,cotton,vegetative,0.638,10.2,Watch,29.9832,76.122,25.6,15.4,11.3
FLD-0129,cotton,flowering,0.665,-13.8,Adequate,30.1228,75.6456,50.5,64.3,0.0
FLD-0130,cotton,maturity,0.274,0.4,Adequate,30.0805,76.0655,33.3,32.9,0.4
FLD-0131,cotton,maturity,0.843,-35.6,Adequate,29.8101,75.7176,32.3,67.9,0.0
FLD-0132,cotton,harvest,0.693,-14.0,Adequate,29.7526,76.1646,16.0,30.0,0.0
FLD-0133,sugarcane,sowing,0.751,7.7,Watch,29.8232,76.0207,11.6,3.9,8.5
FLD-0134,sugarcane,vegetative,0.678,17.2,Urgent,29.5625,76.142,27.4,10.2,19.0
FLD-0135,sugarcane,vegetative,0.504,-40.6,Adequate,30.1412,75.676,32.9,73.5,0.0
FLD-0136,sugarcane,flowering,0.777,19.6,Urgent,29.7914,75.4287,59.6,39.9,21.6
FLD-0137,sugarcane,flowering,0.784,-1.7,Adequate,29.553,75.6755,57.6,59.3,0.0
FLD-0138,sugarcane,maturity,0.815,18.5,Urgent,30.2405,75.8788,29.9,11.5,20.3
FLD-0139,sugarcane,maturity,0.592,24.0,Urgent,29.8388,75.6546,24.0,0.0,26.4
FLD-0140,sugarcane,maturity,0.38,1.2,Adequate,30.018,76.0219,19.4,18.2,1.4
FLD-0141,sugarcane,harvest,0.704,4.1,Adequate,30.1117,75.493,12.2,8.1,4.5
FLD-0142,cotton,sowing,0.496,0.2,Adequate,29.526,75.8596,10.1,10.0,0.2
FLD-0143,cotton,vegetative,0.459,14.6,Watch,30.1902,75.7007,25.6,10.9,16.1
FLD-0144,cotton,flowering,0.232,-4.7,Adequate,29.5944,76.0292,50.5,55.2,0.0
FLD-0145,cotton,maturity,0.583,-19.3,Adequate,29.5609,75.4873,33.3,52.6,0.0
FLD-0146,cotton,maturity,0.641,2.0,Adequate,29.5382,76.0775,32.3,30.3,2.2
FLD-0147,cotton,harvest,0.644,-17.9,Adequate,29.5451,75.4879,16.0,33.8,0.0
FLD-0148,rice,vegetative,0.841,30.2,Critical,29.7794,75.7165,31.9,1.6,33.3
FLD-0149,rice,vegetative,0.719,39.4,Critical,30.2378,76.2088,40.2,0.8,43.4
FLD-0150,rice,flowering,0.677,-13.7,Adequate,29.781,75.4868,52.7,66.4,0.0
FLD-0151,rice,maturity,0.694,26.8,Critical,29.9267,75.7594,42.9,16.1,29.5
FLD-0152,rice,vegetative,0.784,18.5,Urgent,29.569,75.8141,31.9,13.4,20.3
FLD-0153,rice,vegetative,0.158,27.5,Critical,29.8549,75.465,40.2,12.7,30.3
FLD-0154,rice,maturity,0.233,12.4,Watch,29.574,75.9394,39.5,27.1,13.6
FLD-0155,rice,harvest,0.672,-43.9,Adequate,29.9467,76.1897,28.6,72.5,0.0
FLD-0156,cotton,sowing,0.412,0.8,Adequate,29.7086,76.1149,10.1,9.3,0.9
FLD-0157,cotton,vegetative,0.307,9.8,Watch,30.2506,75.4297,25.6,15.8,10.7
FLD-0158,cotton,vegetative,0.829,-34.0,Adequate,29.5145,76.1329,30.7,64.7,0.0
FLD-0159,cotton,flowering,0.519,16.3,Urgent,30.2744,75.479,54.8,38.5,17.9
FLD-0160,cotton,maturity,0.538,8.3,Watch,30.2554,75.8385,32.3,23.9,9.2
FLD-0161,cotton,harvest,0.591,-3.1,Adequate,30.0366,75.7836,16.0,19.1,0.0
FLD-0162,cotton,sowing,0.589,9.7,Watch,29.9475,76.1409,10.1,0.4,10.7
FLD-0163,cotton,vegetative,0.182,17.8,Urgent,29.7048,76.1803,25.6,7.8,19.6
FLD-0164,cotton,flowering,0.773,-7.2,Adequate,29.8445,75.9161,50.5,57.7,0.0
FLD-0165,cotton,maturity,0.344,-5.9,Adequate,29.6305,75.791,33.3,39.2,0.0
FLD-0166,cotton,harvest,0.397,-18.0,Adequate,29.9469,75.4822,18.4,36.4,0.0
FLD-0167,rice,sowing,0.832,22.7,Urgent,30.269,75.9785,30.4,7.8,24.9
FLD-0168,rice,vegetative,0.525,36.4,Critical,29.7276,76.071,40.2,3.8,40.0
FLD-0169,rice,flowering,0.629,-4.2,Adequate,29.6101,76.1487,52.7,56.9,0.0
FLD-0170,rice,maturity,0.726,13.4,Watch,30.2398,76.0006,42.9,29.4,14.8
FLD-0171,rice,harvest,0.579,-44.1,Adequate,29.8146,76.1662,27.6,71.8,0.0
FLD-0172,wheat,vegetative,0.756,6.4,Watch,29.5162,75.4411,23.2,16.8,7.1
FLD-0173,wheat,flowering,0.414,39.6,Critical,30.1284,76.2098,42.0,2.4,43.6
FLD-0174,wheat,maturity,0.255,-0.4,Adequate,29.9553,75.7247,30.7,31.2,0.0
FLD-0175,wheat,harvest,0.829,-75.1,Adequate,30.1537,76.0907,11.9,87.0,0.0
FLD-0176,rice,vegetative,0.478,29.7,Critical,29.8119,75.6387,31.9,2.2,32.6
FLD-0177,rice,vegetative,0.189,32.2,Critical,30.1718,76.0703,40.2,8.1,35.4
FLD-0178,rice,maturity,0.85,-26.4,Adequate,30.2773,75.8643,39.5,65.9,0.0
FLD-0179,rice,harvest,0.688,-3.3,Adequate,30.2358,76.0997,28.6,31.9,0.0
FLD-0180,wheat,sowing,0.323,2.0,Adequate,29.8404,75.5233,11.6,9.6,2.2
FLD-0181,wheat,vegetative,0.818,18.2,Urgent,29.9649,75.6029,29.2,11.1,20.0
FLD-0182,wheat,flowering,0.62,25.1,Critical,29.9745,75.7065,50.5,25.3,27.7
FLD-0183,wheat,maturity,0.229,9.2,Watch,30.0173,75.8362,33.3,24.1,10.1
FLD-0184,cotton,sowing,0.691,-5.7,Adequate,29.8961,76.1017,10.1,15.8,0.0
FLD-0185,cotton,vegetative,0.536,10.6,Watch,29.9288,76.1213,25.6,15.0,11.6
FLD-0186,cotton,flowering,0.432,-2.7,Adequate,29.5872,75.443,50.5,53.2,0.0
FLD-0187,cotton,maturity,0.679,-0.9,Adequate,29.9762,75.9833,33.3,34.3,0.0
FLD-0188,cotton,harvest,0.299,-44.4,Adequate,29.5891,75.4316,18.4,62.9,0.0
FLD-0189,cotton,sowing,0.395,-0.3,Adequate,29.9519,75.7338,10.1,10.4,0.0
FLD-0190,cotton,vegetative,0.456,20.6,Urgent,30.2033,75.6986,25.6,5.0,22.6
FLD-0191,cotton,flowering,0.51,26.8,Critical,30.1069,75.7372,50.5,23.7,29.5
FLD-0192,cotton,flowering,0.585,22.7,Urgent,30.1699,76.1796,54.8,32.0,25.0
FLD-0193,cotton,maturity,0.253,-4.0,Adequate,30.2213,75.8137,32.3,36.2,0.0
FLD-0194,cotton,harvest,0.331,-9.4,Adequate,29.8473,76.204,16.0,25.4,0.0
FLD-0195,sugarcane,sowing,0.495,-3.8,Adequate,29.743,75.9267,11.6,15.4,0.0
FLD-0196,sugarcane,vegetative,0.318,24.2,Urgent,29.5407,75.5231,27.4,3.2,26.6
FLD-0197,sugarcane,vegetative,0.24,-19.6,Adequate,29.6015,75.5311,32.9,52.6,0.0
FLD-0198,sugarcane,flowering,0.599,14.6,Watch,29.6255,75.6965,59.6,44.9,16.1
FLD-0199,sugarcane,flowering,0.778,28.0,Critical,29.8592,75.954,57.6,29.6,30.8
FLD-0200,sugarcane,maturity,0.271,-17.0,Adequate,29.6338,75.4527,29.9,46.9,0.0
FLD-0201,sugarcane,maturity,0.268,20.6,Urgent,29.7029,75.5616,24.0,3.3,22.7
FLD-0202,sugarcane,maturity,0.212,15.2,Urgent,29.5765,75.7886,19.4,4.2,16.8
FLD-0203,sugarcane,harvest,0.294,-3.1,Adequate,29.7714,75.8227,12.2,15.3,0.0
FLD-0204,rice,vegetative,0.633,26.6,Critical,29.5114,76.0595,31.9,5.3,29.2
FLD-0205,rice,vegetative,0.59,18.8,Urgent,29.5454,76.1189,40.2,21.4,20.7
FLD-0206,rice,maturity,0.795,-29.5,Adequate,29.5289,75.6415,39.5,69.0,0.0
FLD-0207,rice,harvest,0.714,14.3,Watch,30.0786,75.5676,28.6,14.3,15.7
FLD-0208,sugarcane,vegetative,0.297,14.7,Watch,29.7764,75.8076,27.4,12.7,16.2
FLD-0209,sugarcane,vegetative,0.583,5.3,Watch,29.7751,75.79,32.9,27.7,5.8
FLD-0210,sugarcane,vegetative,0.673,0.9,Adequate,29.5093,75.6219,35.7,34.9,0.9
FLD-0211,sugarcane,flowering,0.649,32.1,Critical,30.1962,75.8293,57.6,25.5,35.3
FLD-0212,sugarcane,flowering,0.522,18.0,Urgent,29.5657,75.7779,49.9,31.9,19.8
FLD-0213,sugarcane,maturity,0.523,22.4,Urgent,29.674,75.6354,24.0,1.6,24.6
FLD-0214,sugarcane,maturity,0.414,6.8,Watch,29.4961,75.6777,19.4,12.6,7.5
FLD-0215,sugarcane,harvest,0.298,5.3,Watch,29.742,75.5158,12.2,6.9,5.8
FLD-0216,cotton,vegetative,0.773,11.7,Watch,29.9549,75.9633,20.3,8.6,12.9
FLD-0217,cotton,vegetative,0.702,20.0,Urgent,29.8788,75.4895,25.6,5.6,22.0
FLD-0218,cotton,flowering,0.526,10.7,Watch,29.9495,76.0164,50.5,39.8,11.7
FLD-0219,cotton,maturity,0.452,-16.9,Adequate,29.5821,75.647,33.3,50.3,0.0
FLD-0220,cotton,harvest,0.404,-49.6,Adequate,29.9967,75.8766,18.4,68.0,0.0
FLD-0221,cotton,sowing,0.399,5.8,Watch,30.2692,75.9046,10.1,4.3,6.4
FLD-0222,cotton,vegetative,0.316,15.8,Urgent,29.5614,75.5423,25.6,9.8,17.4
FLD-0223,cotton,flowering,0.322,14.3,Watch,29.6085,75.5693,50.5,36.2,15.7
FLD-0224,cotton,flowering,0.35,23.4,Urgent,29.6187,76.1374,54.8,31.4,25.7
FLD-0225,cotton,maturity,0.206,-13.6,Adequate,29.8996,75.7483,32.3,45.9,0.0
FLD-0226,cotton,harvest,0.838,-3.3,Adequate,29.5696,75.7383,16.0,19.2,0.0
FLD-0227,sugarcane,sowing,0.829,0.5,Adequate,30.1724,76.0737,11.6,11.1,0.6
FLD-0228,sugarcane,vegetative,0.331,7.6,Watch,29.6167,75.9549,27.4,19.8,8.4
FLD-0229,sugarcane,vegetative,0.801,-23.5,Adequate,29.9254,75.8773,32.9,56.4,0.0
FLD-0230,sugarcane,flowering,0.346,12.8,Watch,30.0956,75.5696,59.6,46.7,14.1
FLD-0231,sugarcane,flowering,0.377,15.3,Urgent,29.8203,75.8261,57.6,42.3,16.9
FLD-0232,sugarcane,maturity,0.32,13.6,Watch,29.5719,75.9085,29.9,16.3,15.0
FLD-0233,sugarcane,maturity,0.352,19.2,Urgent,29.945,75.5435,24.0,4.8,21.1
FLD-0234,sugarcane,harvest,0.487,7.7,Watch,29.9061,75.4615,12.9,5.2,8.5
FLD-0235,wheat,vegetative,0.386,12.9,Watch,29.5875,75.4707,23.2,10.3,14.2
FLD-0236,wheat,vegetative,0.843,16.1,Urgent,29.7379,76.0679,29.2,13.2,17.7
FLD-0237,wheat,maturity,0.328,-21.6,Adequate,30.0252,76.0282,30.7,52.3,0.0
FLD-0238,wheat,harvest,0.567,-53.8,Adequate,29.8573,75.7495,11.9,65.8,0.0
FLD-0239,cotton,vegetative,0.394,13.6,Watch,30.2236,76.0845,20.3,6.7,14.9
FLD-0240,cotton,vegetative,0.826,18.7,Urgent,29.5794,76.0047,25.6,6.8,20.6
FLD-0241,cotton,flowering,0.807,-24.3,Adequate,29.625,75.4732,50.5,74.8,0.0
FLD-0242,cotton,maturity,0.669,-23.4,Adequate,29.9396,76.0935,33.3,56.7,0.0
FLD-0243,cotton,harvest,0.248,-31.3,Adequate,30.1162,75.5813,18.4,49.7,0.0
FLD-0244,wheat,vegetative,0.265,17.4,Urgent,29.6114,76.0717,23.2,5.7,19.2
FLD-0245,wheat,vegetative,0.616,19.3,Urgent,29.8985,75.7071,29.2,9.9,21.2
FLD-0246,wheat,flowering,0.764,-5.4,Adequate,29.794,76.0733,50.5,55.9,0.0
FLD-0247,wheat,maturity,0.457,-9.8,Adequate,29.7816,75.7901,33.3,43.1,0.0
FLD-0248,wheat,harvest,0.361,-19.0,Adequate,30.0781,75.8222,11.5,30.5,0.0
FLD-0249,wheat,sowing,0.313,1.1,Adequate,30.1997,75.7271,11.6,10.5,1.2
FLD-0250,wheat,vegetative,0.53,24.9,Urgent,30.2052,75.9194,29.2,4.3,27.4
FLD-0251,wheat,flowering,0.232,-5.9,Adequate,30.2319,75.9222,50.5,56.4,0.0
FLD-0252,wheat,maturity,0.384,-54.5,Adequate,29.5914,76.0552,33.3,87.9,0.0
FLD-0253,wheat,harvest,0.584,-44.2,Adequate,29.9068,76.1351,11.5,55.7,0.0
FLD-0254,cotton,vegetative,0.702,12.6,Watch,29.6013,75.6694,20.3,7.7,13.9
FLD-0255,cotton,vegetative,0.324,19.6,Urgent,30.0752,75.4468,25.6,6.0,21.5
FLD-0256,cotton,flowering,0.549,1.0,Adequate,30.09,76.1214,50.5,49.4,1.1
FLD-0257,cotton,maturity,0.389,-1.7,Adequate,30.137,75.5085,33.3,35.1,0.0
FLD-0258,cotton,harvest,0.743,-28.6,Adequate,29.582,75.7378,18.4,47.0,0.0
FLD-0259,sugarcane,sowing,0.708,1.6,Adequate,29.5999,75.6034,14.6,13.1,1.7
FLD-0260,sugarcane,vegetative,0.656,-2.0,Adequate,30.056,75.9329,32.9,35.0,0.0
FLD-0261,sugarcane,vegetative,0.636,-21.0,Adequate,29.9142,75.6214,35.7,56.8,0.0
FLD-0262,sugarcane,flowering,0.392,18.4,Urgent,29.6253,76.1468,57.6,39.2,20.2
FLD-0263,sugarcane,flowering,0.558,-21.4,Adequate,29.8007,75.7896,49.9,71.3,0.0
FLD-0264,sugarcane,maturity,0.813,19.2,Urgent,29.6027,75.889,24.0,4.8,21.1
FLD-0265,sugarcane,maturity,0.504,15.7,Urgent,29.9692,75.4345,19.4,3.7,17.3
FLD-0266,sugarcane,harvest,0.76,-4.0,Adequate,30.2257,75.8721,12.2,16.2,0.0
FLD-0267,cotton,vegetative,0.638,18.4,Urgent,30.218,75.9858,20.3,1.9,20.2
FLD-0268,cotton,vegetative,0.257,14.7,Watch,29.941,75.9054,25.6,10.9,16.2
FLD-0269,cotton,flowering,0.447,-11.7,Adequate,30.0692,76.1675,50.5,62.2,0.0
FLD-0270,cotton,maturity,0.798,-0.7,Adequate,29.8407,75.5106,33.3,34.0,0.0
FLD-0271,cotton,maturity,0.839,-31.5,Adequate,30.1511,75.5197,32.3,63.7,0.0
FLD-0272,cotton,harvest,0.795,-16.8,Adequate,30.1759,75.8351,16.0,32.8,0.0
FLD-0273,sugarcane,vegetative,0.564,16.4,Urgent,29.7992,75.4638,21.7,5.3,18.1
FLD-0274,sugarcane,vegetative,0.385,-2.0,Adequate,30.1223,75.4237,27.4,29.5,0.0
FLD-0275,sugarcane,vegetative,0.383,-18.8,Adequate,29.7985,75.8499,32.9,51.8,0.0
FLD-0276,sugarcane,flowering,0.794,7.2,Watch,29.7571,75.6976,59.6,52.3,7.9
FLD-0277,sugarcane,flowering,0.666,8.8,Watch,29.8418,75.5997,57.6,48.8,9.7
FLD-0278,sugarcane,maturity,0.467,-9.7,Adequate,29.5927,75.5611,29.9,39.6,0.0
FLD-0279,sugarcane,maturity,0.499,21.4,Urgent,29.8151,76.1519,24.0,2.6,23.5
FLD-0280,sugarcane,harvest,0.404,7.6,Watch,29.9445,75.9258,12.9,5.4,8.3
FLD-0281,cotton,vegetative,0.159,16.6,Urgent,30.0108,75.5624,20.3,3.6,18.3
FLD-0282,cotton,vegetative,0.823,13.2,Watch,29.5989,75.7517,25.6,12.4,14.5
FLD-0283,cotton,flowering,0.21,10.2,Watch,30.2775,75.8218,50.5,40.3,11.2
FLD-0284,cotton,maturity,0.567,-27.9,Adequate,29.5337,76.02,33.3,61.2,0.0
FLD-0285,cotton,maturity,0.297,-12.7,Adequate,30.1984,75.5841,32.3,45.0,0.0
FLD-0286,cotton,harvest,0.283,-24.6,Adequate,29.5092,75.7977,16.0,40.5,0.0
FLD-0287,cotton,vegetative,0.545,0.8,Adequate,29.5326,76.0404,20.3,19.5,0.9
FLD-0288,cotton,vegetative,0.467,15.1,Urgent,29.8995,75.7726,25.6,10.4,16.7
FLD-0289,cotton,flowering,0.431,18.6,Urgent,29.9277,75.5442,50.5,31.9,20.4
FLD-0290,cotton,maturity,0.277,-0.8,Adequate,30.1694,76.1769,33.3,34.2,0.0
FLD-0291,cotton,harvest,0.411,-11.6,Adequate,29.6966,75.9352,18.4,30.0,0.0
FLD-0292,wheat,vegetative,0.436,7.0,Watch,29.5003,75.5449,23.2,16.2,7.7
FLD-0293,wheat,vegetative,0.651,7.4,Watch,30.0071,75.4417,29.2,21.8,8.2
FLD-0294,wheat,flowering,0.305,-0.6,Adequate,29.6649,75.9575,50.5,51.1,0.0
FLD-0295,wheat,maturity,0.164,-8.8,Adequate,29.5633,76.0599,33.3,42.2,0.0
FLD-0296,wheat,sowing,0.275,7.1,Watch,30.0022,75.6105,11.6,4.5,7.8
FLD-0297,wheat,vegetative,0.22,-3.2,Adequate,29.6745,75.9978,29.2,32.4,0.0
FLD-0298,wheat,flowering,0.749,-2.9,Adequate,30.1442,75.7377,50.5,53.4,0.0
FLD-0299,wheat,maturity,0.618,-37.0,Adequate,29.644,75.6545,33.3,70.3,0.0
FLD-0300,sugarcane,sowing,0.777,9.5,Watch,29.4904,75.4884,11.6,2.1,10.4
FLD-0301,sugarcane,vegetative,0.296,4.0,Adequate,29.5012,75.5651,27.4,23.4,4.5
FLD-0302,sugarcane,vegetative,0.558,-11.0,Adequate,29.8171,76.1341,32.9,43.9,0.0
FLD-0303,sugarcane,flowering,0.722,22.5,Urgent,29.7535,75.6275,59.6,37.1,24.8
FLD-0304,sugarcane,flowering,0.416,27.9,Critical,29.9522,75.6345,57.6,29.7,30.7
FLD-0305,sugarcane,maturity,0.587,5.9,Watch,29.8075,75.8616,29.9,24.1,6.5
FLD-0306,sugarcane,maturity,0.455,14.3,Watch,29.7156,76.1788,24.0,9.6,15.8
FLD-0307,sugarcane,maturity,0.685,18.1,Urgent,29.5921,76.1148,19.4,1.3,19.9
FLD-0308,sugarcane,harvest,0.491,5.9,Watch,30.1956,76.0599,12.2,6.3,6.5
FLD-0309,sugarcane,vegetative,0.448,14.0,Watch,29.498,75.6349,21.7,7.7,15.4
FLD-0310,sugarcane,vegetative,0.529,8.5,Watch,29.9868,75.6263,27.4,19.0,9.3
FLD-0311,sugarcane,vegetative,0.248,-18.8,Adequate,30.1479,76.2075,32.9,51.7,0.0
FLD-0312,sugarcane,flowering,0.518,10.1,Watch,29.6173,75.6378,59.6,49.5,11.1
FLD-0313,sugarcane,maturity,0.163,-28.5,Adequate,30.2114,75.5142,34.6,63.0,0.0
FLD-0314,sugarcane,maturity,0.554,9.4,Watch,29.6992,75.8633,29.9,20.5,10.4
FLD-0315,sugarcane,harvest,0.606,10.7,Watch,30.1438,75.5851,16.0,5.3,11.8
FLD-0316,sugarcane,harvest,0.158,-8.0,Adequate,29.5895,76.14,12.9,20.9,0.0
FLD-0317,cotton,sowing,0.762,-4.3,Adequate,29.9579,75.9004,10.1,14.4,0.0
FLD-0318,cotton,vegetative,0.616,18.0,Urgent,29.6203,76.1515,25.6,7.6,19.8
FLD-0319,cotton,flowering,0.443,16.8,Urgent,29.7865,75.8351,50.5,33.7,18.5
FLD-0320,cotton,flowering,0.183,6.1,Watch,29.613,76.0104,54.8,48.7,6.7
FLD-0321,cotton,maturity,0.208,0.3,Adequate,29.9625,75.6163,32.3,31.9,0.3
FLD-0322,cotton,harvest,0.423,-14.3,Adequate,29.711,75.7045,16.0,30.3,0.0
FLD-0323,rice,vegetative,0.653,22.3,Urgent,29.7177,75.8731,31.9,9.5,24.6
FLD-0324,rice,vegetative,0.483,32.6,Critical,30.0109,76.1695,40.2,7.6,35.9
FLD-0325,rice,maturity,0.663,-5.8,Adequate,29.652,75.4449,39.5,45.3,0.0
FLD-0326,rice,harvest,0.334,-10.4,Adequate,29.9561,75.4611,28.6,39.0,0.0
FLD-0327,sugarcane,vegetative,0.497,21.7,Urgent,29.9575,75.6874,21.7,0.0,23.9
FLD-0328,sugarcane,vegetative,0.69,15.9,Urgent,29.5653,75.4801,27.4,11.5,17.5
FLD-0329,sugarcane,vegetative,0.66,-51.0,Adequate,29.8764,75.9707,32.9,84.0,0.0
FLD-0330,sugarcane,flowering,0.454,-16.2,Adequate,29.6771,76.0753,59.6,75.7,0.0
FLD-0331,sugarcane,flowering,0.71,0.2,Adequate,30.0358,75.6377,57.6,57.4,0.2
FLD-0332,sugarcane,maturity,0.563,-41.1,Adequate,29.7688,75.4933,29.9,71.0,0.0
FLD-0333,sugarcane,maturity,0.792,17.2,Urgent,29.5895,76.1802,24.0,6.7,19.0
FLD-0334,sugarcane,harvest,0.462,6.5,Watch,29.6281,75.8535,12.9,6.5,7.1
FLD-0335,wheat,vegetative,0.761,18.0,Urgent,30.0658,76.0652,23.2,5.1,19.8
FLD-0336,wheat,vegetative,0.611,14.5,Watch,30.0338,76.0994,29.2,14.8,15.9
FLD-0337,wheat,flowering,0.325,-19.4,Adequate,29.8715,75.597,50.5,69.9,0.0
FLD-0338,wheat,maturity,0.841,2.8,Adequate,30.2352,75.4515,33.3,30.6,3.1
FLD-0339,wheat,harvest,0.644,-54.4,Adequate,30.2202,75.5645,11.5,65.9,0.0
FLD-0340,wheat,vegetative,0.548,18.4,Urgent,30.2124,75.4472,23.2,4.8,20.2
FLD-0341,wheat,vegetative,0.638,21.8,Urgent,29.7179,76.1595,29.2,7.5,23.9
FLD-0342,wheat,flowering,0.83,6.4,Watch,30.2354,75.7994,50.5,44.1,7.0
FLD-0343,wheat,maturity,0.753,1.7,Adequate,30.1556,75.6753,33.3,31.6,1.9
FLD-0344,rice,vegetative,0.73,17.0,Urgent,29.5096,75.897,31.9,14.8,18.7
FLD-0345,rice,vegetative,0.311,25.1,Critical,29.5765,75.4816,40.2,15.1,27.6
FLD-0346,rice,maturity,0.637,-10.1,Adequate,29.7519,75.9998,39.5,49.6,0.0
FLD-0347,rice,harvest,0.196,-1.9,Adequate,29.7322,75.8516,28.6,30.5,0.0
FLD-0348,cotton,sowing,0.704,4.8,Adequate,29.735,75.9207,10.1,5.3,5.3
FLD-0349,cotton,vegetative,0.77,17.5,Urgent,29.9727,75.6064,25.6,8.1,19.2
FLD-0350,cotton,flowering,0.167,5.8,Watch,30.1761,75.437,50.5,44.7,6.4
FLD-0351,cotton,maturity,0.762,-19.7,Adequate,29.9031,76.1713,33.3,53.0,0.0
FLD-0352,cotton,harvest,0.709,-35.1,Adequate,30.2783,75.7006,18.4,53.6,0.0
FLD-0353,cotton,sowing,0.687,3.8,Adequate,29.8015,75.8039,10.1,6.3,4.2
FLD-0354,cotton,vegetative,0.589,23.0,Urgent,30.1789,76.2073,25.6,2.6,25.3
FLD-0355,cotton,flowering,0.688,-3.7,Adequate,29.8142,75.7571,50.5,54.2,0.0
FLD-0356,cotton,maturity,0.666,-9.6,Adequate,29.671,75.5084,33.3,42.9,0.0
FLD-0357,cotton,harvest,0.398,-35.7,Adequate,29.7098,75.657,18.4,54.1,0.0
FLD-0358,cotton,vegetative,0.314,19.8,Urgent,29.5137,75.4343,20.3,0.5,21.8
FLD-0359,cotton,vegetative,0.841,11.0,Watch,29.8222,75.7275,25.6,14.6,12.1
FLD-0360,cotton,flowering,0.626,23.1,Urgent,29.6546,76.18,50.5,27.4,25.4
FLD-0361,cotton,maturity,0.7,-7.7,Adequate,29.5515,75.7541,33.3,41.1,0.0
FLD-0362,cotton,harvest,0.765,-18.2,Adequate,30.2358,75.7939,18.4,36.7,0.0
FLD-0363,rice,sowing,0.579,22.3,Urgent,29.6136,76.2129,30.4,8.1,24.6
FLD-0364,rice,vegetative,0.312,30.9,Critical,30.2342,75.9397,40.2,9.3,34.0
FLD-0365,rice,flowering,0.575,-13.3,Adequate,29.8902,75.6045,52.7,66.0,0.0
FLD-0366,rice,maturity,0.274,-4.1,Adequate,29.6564,75.5692,42.9,46.9,0.0
FLD-0367,rice,harvest,0.696,-11.5,Adequate,29.7601,75.4663,27.6,39.1,0.0
FLD-0368,cotton,sowing,0.828,7.7,Watch,30.187,76.1622,10.1,2.5,8.4
FLD-0369,cotton,vegetative,0.846,22.0,Urgent,29.6191,75.737,25.6,3.6,24.2
FLD-0370,cotton,flowering,0.681,-8.8,Adequate,30.0368,75.5431,50.5,59.3,0.0
FLD-0371,cotton,maturity,0.721,-32.8,Adequate,29.6596,75.5991,33.3,66.2,0.0
FLD-0372,cotton,harvest,0.526,-13.5,Adequate,29.9544,75.8841,18.4,31.9,0.0
FLD-0373,sugarcane,sowing,0.214,9.1,Watch,30.182,75.6325,11.6,2.5,10.0
FLD-0374,sugarcane,vegetative,0.241,20.7,Urgent,30.191,76.1845,27.4,6.7,22.8
FLD-0375,sugarcane,vegetative,0.753,10.8,Watch,30.1276,75.9442,32.9,22.2,11.8
FLD-0376,sugarcane,flowering,0.536,20.3,Urgent,29.5496,75.7468,59.6,39.3,22.3
FLD-0377,sugarcane,flowering,0.411,6.7,Watch,29.6878,75.9987,57.6,50.9,7.3
FLD-0378,sugarcane,maturity,0.497,-1.3,Adequate,29.5448,75.5961,29.9,31.3,0.0
FLD-0379,sugarcane,maturity,0.628,11.2,Watch,29.5409,76.101,24.0,12.8,12.3
FLD-0380,sugarcane,harvest,0.497,9.3,Watch,29.8645,75.8939,12.9,3.6,10.3
FLD-0381,rice,sowing,0.727,28.7,Critical,29.7582,75.9624,30.4,1.7,31.6
FLD-0382,rice,vegetative,0.546,30.4,Critical,29.6936,76.1229,40.2,9.8,33.5
FLD-0383,rice,flowering,0.708,4.1,Adequate,30.0068,76.1005,52.7,48.6,4.5
FLD-0384,rice,maturity,0.757,-9.0,Adequate,30.0467,76.0896,42.9,51.8,0.0
FLD-0385,rice,sowing,0.638,29.1,Critical,30.0241,75.9149,30.4,1.3,32.0
FLD-0386,rice,vegetative,0.677,36.0,Critical,29.6069,76.1247,40.2,4.2,39.6
FLD-0387,rice,flowering,0.76,-11.5,Adequate,29.5034,76.0807,52.7,64.2,0.0
FLD-0388,rice,maturity,0.24,-43.7,Adequate,29.7481,76.0148,42.9,86.6,0.0
FLD-0389,rice,harvest,0.263,2.9,Adequate,30.1344,76.0857,27.6,24.7,3.2
FLD-0390,wheat,sowing,0.505,-15.0,Adequate,29.4851,75.6496,11.6,26.6,0.0
FLD-0391,wheat,vegetative,0.582,23.1,Urgent,30.2649,75.9255,29.2,6.2,25.4
FLD-0392,wheat,flowering,0.332,14.6,Watch,29.9872,75.852,50.5,35.9,16.1
FLD-0393,wheat,maturity,0.696,-2.0,Adequate,29.5656,76.0288,33.3,35.4,0.0
FLD-0394,wheat,harvest,0.529,-53.7,Adequate,30.2504,75.6935,11.5,65.2,0.0
FLD-0395,rice,sowing,0.593,27.0,Critical,30.2256,75.502,30.4,3.5,29.6
FLD-0396,rice,vegetative,0.806,30.3,Critical,30.0303,75.4743,40.2,9.9,33.3
FLD-0397,rice,flowering,0.361,26.2,Critical,30.0465,75.4739,52.7,26.5,28.8
FLD-0398,rice,maturity,0.558,-13.9,Adequate,29.7567,75.9167,42.9,56.8,0.0
FLD-0399,rice,harvest,0.182,-17.7,Adequate,30.1772,76.1988,27.6,45.3,0.0
FLD-0400,wheat,sowing,0.828,5.5,Watch,30.0797,75.5241,11.6,6.1,6.0
FLD-0401,wheat,vegetative,0.681,25.7,Critical,29.4997,75.4377,29.2,3.6,28.2
FLD-0402,wheat,flowering,0.377,-12.3,Adequate,29.8709,76.0363,50.5,62.7,0.0
FLD-0403,wheat,maturity,0.628,-20.2,Adequate,29.8367,75.6389,33.3,53.5,0.0
FLD-0404,wheat,harvest,0.848,-52.3,Adequate,29.8209,75.7811,11.5,63.8,0.0
FLD-0405,wheat,vegetative,0.265,0.8,Adequate,30.1158,75.9749,23.2,22.4,0.9
FLD-0406,wheat,vegetative,0.305,17.2,Urgent,29.5459,75.9644,29.2,12.0,18.9
FLD-0407,wheat,flowering,0.608,12.4,Watch,29.6986,76.1807,50.5,38.1,13.6
FLD-0408,wheat,maturity,0.256,-5.7,Adequate,29.8259,76.1749,33.3,39.0,0.0
FLD-0409,sugarcane,sowing,0.444,10.1,Watch,29.9908,75.7381,11.6,1.4,11.1
FLD-0410,sugarcane,vegetative,0.342,14.2,Watch,30.2672,75.7475,27.4,13.3,15.6
FLD-0411,sugarcane,vegetative,0.776,-25.4,Adequate,29.664,75.5905,32.9,58.3,0.0
FLD-0412,sugarcane,flowering,0.172,10.2,Watch,30.0013,75.7148,59.6,49.4,11.2
FLD-0413,sugarcane,flowering,0.755,18.7,Urgent,29.8586,76.1946,57.6,38.9,20.6
FLD-0414,sugarcane,maturity,0.28,9.2,Watch,30.1749,76.0413,29.9,20.7,10.2
FLD-0415,sugarcane,maturity,0.69,21.8,Urgent,30.1558,76.0288,24.0,2.2,24.0
FLD-0416,sugarcane,maturity,0.588,7.4,Watch,29.585,75.446,19.4,12.0,8.2
FLD-0417,sugarcane,harvest,0.795,9.1,Watch,29.9733,76.0572,12.2,3.0,10.1
FLD-0418,sugarcane,sowing,0.487,7.3,Watch,29.5738,75.5201,11.6,4.3,8.0
FLD-0419,sugarcane,vegetative,0.63,8.2,Watch,29.8242,75.5804,27.4,19.2,9.0
FLD-0420,sugarcane,vegetative,0.494,-24.9,Adequate,29.5314,75.8856,32.9,57.8,0.0
FLD-0421,sugarcane,flowering,0.338,-20.3,Adequate,30.118,75.6683,59.6,79.8,0.0
FLD-0422,sugarcane,flowering,0.469,18.3,Urgent,29.4893,75.478,57.6,39.3,20.1
FLD-0423,sugarcane,maturity,0.425,6.6,Watch,29.864,75.9,29.9,23.3,7.3
FLD-0424,sugarcane,maturity,0.354,17.1,Urgent,30.036,76.1081,24.0,6.9,18.8
FLD-0425,sugarcane,harvest,0.696,5.8,Watch,29.5117,75.8044,12.9,7.1,6.4
FLD-0426,wheat,sowing,0.223,10.4,Watch,29.6736,76.2093,11.6,1.2,11.4
FLD-0427,wheat,vegetative,0.25,24.4,Urgent,29.8791,75.9145,29.2,4.9,26.8
FLD-0428,wheat,maturity,0.642,1.2,Adequate,29.9277,75.4278,30.7,29.6,1.3
FLD-0429,wheat,harvest,0.379,-9.0,Adequate,29.8942,75.4903,11.9,21.0,0.0
FLD-0430,sugarcane,vegetative,0.395,11.6,Watch,29.5066,75.4829,27.4,15.8,12.8
FLD-0431,sugarcane,vegetative,0.428,-2.1,Adequate,29.5862,75.874,32.9,35.0,0.0
FLD-0432,sugarcane,vegetative,0.633,-19.3,Adequate,30.1205,75.5801,35.7,55.1,0.0
FLD-0433,sugarcane,flowering,0.267,30.2,Critical,29.5637,75.9291,57.6,27.4,33.2
FLD-0434,sugarcane,flowering,0.645,32.2,Critical,29.5053,76.169,49.9,17.7,35.4
FLD-0435,sugarcane,maturity,0.186,18.4,Urgent,29.913,75.9872,24.0,5.6,20.2
FLD-0436,sugarcane,maturity,0.76,5.6,Watch,30.0513,76.0614,19.4,13.8,6.2
FLD-0437,sugarcane,harvest,0.388,3.0,Adequate,30.1319,75.4841,12.2,9.2,3.2
FLD-0438,cotton,sowing,0.776,6.3,Watch,29.9181,76.0738,10.1,3.9,6.9
FLD-0439,cotton,vegetative,0.467,16.2,Urgent,29.9949,75.8411,25.6,9.4,17.8
FLD-0440,cotton,flowering,0.662,11.9,Watch,29.5453,75.4683,50.5,38.6,13.1
FLD-0441,cotton,maturity,0.323,-0.3,Adequate,29.6076,76.1174,33.3,33.6,0.0
FLD-0442,cotton,harvest,0.303,-12.9,Adequate,30.2607,75.6895,18.4,31.3,0.0
FLD-0443,cotton,vegetative,0.277,17.0,Urgent,30.1118,75.947,20.3,3.3,18.7
FLD-0444,cotton,vegetative,0.499,1.4,Adequate,29.9243,75.9954,25.6,24.2,1.6
FLD-0445,cotton,flowering,0.31,13.2,Watch,30.2771,76.1998,50.5,37.3,14.6
FLD-0446,cotton,harvest,0.605,-28.6,Adequate,29.6396,75.9642,19.1,47.7,0.0
FLD-0447,cotton,sowing,0.201,-8.2,Adequate,29.5045,75.6261,10.1,18.3,0.0
FLD-0448,cotton,vegetative,0.474,15.1,Urgent,30.1746,76.0017,25.6,10.4,16.7
FLD-0449,cotton,flowering,0.67,-24.5,Adequate,29.8204,75.6967,50.5,75.0,0.0
FLD-0450,cotton,maturity,0.41,-0.9,Adequate,30.2701,75.4521,33.3,34.3,0.0
FLD-0451,cotton,maturity,0.757,-3.2,Adequate,29.9429,75.7709,32.3,35.5,0.0
FLD-0452,cotton,harvest,0.658,5.8,Watch,29.8693,76.1187,16.0,10.1,6.4
FLD-0453,cotton,sowing,0.78,1.0,Adequate,29.8174,75.6415,10.1,9.2,1.1
FLD-0454,cotton,vegetative,0.565,20.0,Urgent,30.2099,75.5885,25.6,5.6,22.0
FLD-0455,cotton,flowering,0.586,7.9,Watch,29.9852,76.0065,50.5,42.6,8.7
FLD-0456,cotton,maturity,0.242,-37.0,Adequate,30.0527,76.1472,33.3,70.3,0.0
FLD-0457,cotton,harvest,0.276,-25.6,Adequate,29.67,76.1971,18.4,44.0,0.0
FLD-0458,cotton,sowing,0.277,-3.0,Adequate,30.1635,75.8138,10.1,13.1,0.0
FLD-0459,cotton,vegetative,0.323,18.9,Urgent,30.1766,75.7762,25.6,6.7,20.7
FLD-0460,cotton,vegetative,0.51,-98.0,Adequate,29.7674,75.8944,30.7,128.8,0.0
FLD-0461,cotton,flowering,0.264,8.4,Watch,29.7929,76.1955,54.8,46.4,9.3
FLD-0462,cotton,maturity,0.331,-23.6,Adequate,30.0054,75.6802,32.3,55.8,0.0
FLD-0463,cotton,harvest,0.691,-4.8,Adequate,29.5847,76.1959,16.0,20.8,0.0
FLD-0464,sugarcane,sowing,0.468,9.0,Watch,29.6688,75.4788,11.6,2.6,9.9
FLD-0465,sugarcane,vegetative,0.269,-6.3,Adequate,29.8958,75.6896,27.4,33.8,0.0
FLD-0466,sugarcane,vegetative,0.73,-25.7,Adequate,29.8247,75.619,32.9,58.6,0.0
FLD-0467,sugarcane,flowering,0.582,1.7,Adequate,30.0454,75.5536,59.6,57.8,1.9
FLD-0468,sugarcane,flowering,0.267,2.3,Adequate,29.5093,76.0091,57.6,55.3,2.5
FLD-0469,sugarcane,maturity,0.615,15.0,Watch,29.8597,76.0953,29.9,15.0,16.5
FLD-0470,sugarcane,maturity,0.714,6.9,Watch,29.9483,76.1146,24.0,17.1,7.5
FLD-0471,sugarcane,harvest,0.294,-6.5,Adequate,29.5695,75.6358,12.9,19.4,0.0
FLD-0472,sugarcane,harvest,0.19,7.7,Watch,29.9049,76.1693,12.2,4.5,8.5
FLD-0473,rice,vegetative,0.178,28.7,Critical,29.5777,75.7818,31.9,3.1,31.6
FLD-0474,rice,vegetative,0.804,37.8,Critical,29.7329,75.8258,40.2,2.4,41.6
FLD-0475,rice,maturity,0.179,6.1,Watch,29.5987,76.2093,39.5,33.4,6.7
FLD-0476,rice,harvest,0.826,-13.0,Adequate,29.484,76.1814,28.6,41.6,0.0
FLD-0477,rice,sowing,0.597,8.9,Watch,30.1743,75.7838,30.4,21.5,9.8
FLD-0478,rice,vegetative,0.511,33.0,Critical,29.8711,75.9535,40.2,7.2,36.3
FLD-0479,rice,flowering,0.248,16.0,Urgent,29.504,75.6663,52.7,36.7,17.6
FLD-0480,rice,maturity,0.643,-30.4,Adequate,29.6415,75.9587,42.9,73.2,0.0
FLD-0481,wheat,sowing,0.829,0.3,Adequate,29.5551,75.9581,11.6,11.3,0.3
FLD-0482,wheat,vegetative,0.461,23.9,Urgent,30.1745,75.5617,29.2,5.4,26.3
FLD-0483,wheat,flowering,0.635,-2.4,Adequate,30.1505,76.1757,50.5,52.9,0.0
FLD-0484,wheat,maturity,0.628,-42.0,Adequate,29.8777,75.9143,33.3,75.4,0.0
FLD-0485,wheat,harvest,0.758,-41.7,Adequate,29.9365,75.4443,11.5,53.3,0.0
FLD-0486,sugarcane,sowing,0.802,4.4,Adequate,30.0316,75.9612,11.6,7.2,4.8
FLD-0487,sugarcane,vegetative,0.301,4.2,Adequate,30.0071,75.7351,27.4,23.2,4.7
FLD-0488,sugarcane,vegetative,0.606,-18.4,Adequate,29.5653,75.9463,32.9,51.3,0.0
FLD-0489,sugarcane,flowering,0.85,25.0,Urgent,29.5186,76.2017,59.6,34.6,27.5
FLD-0490,sugarcane,flowering,0.435,4.9,Adequate,30.1766,76.0459,57.6,52.7,5.4
FLD-0491,sugarcane,maturity,0.547,-22.8,Adequate,30.0708,76.1228,29.9,52.8,0.0
FLD-0492,sugarcane,maturity,0.433,14.3,Watch,29.7416,75.9541,24.0,9.7,15.7
FLD-0493,sugarcane,harvest,0.715,11.1,Watch,30.0898,76.0583,12.9,1.8,12.2
FLD-0494,wheat,vegetative,0.455,19.0,Urgent,30.1343,75.5162,23.2,4.2,20.9
FLD-0495,wheat,vegetative,0.531,25.9,Critical,29.4846,75.6797,29.2,3.4,28.5
FLD-0496,wheat,flowering,0.407,-2.1,Adequate,29.7969,75.9764,50.5,52.6,0.0
FLD-0497,wheat,maturity,0.422,-21.5,Adequate,29.839,75.61,33.3,54.9,0.0
FLD-0498,rice,vegetative,0.411,27.7,Critical,29.6618,75.4786,31.9,4.1,30.5
FLD-0499,rice,vegetative,0.572,26.3,Critical,30.0146,75.9156,40.2,13.9,29.0
FLD-0500,rice,flowering,0.474,-9.9,Adequate,29.7838,76.1107,52.7,62.5,0.0
FLD-0501,rice,maturity,0.513,22.4,Urgent,29.8633,75.4405,42.9,20.5,24.6
FLD-0502,sugarcane,sowing,0.389,6.9,Watch,29.7842,75.7391,11.6,4.7,7.5
FLD-0503,sugarcane,vegetative,0.556,15.7,Urgent,29.9069,75.9063,27.4,11.7,17.3
FLD-0504,sugarcane,vegetative,0.685,-2.0,Adequate,30.1304,75.9945,32.9,34.9,0.0
FLD-0505,sugarcane,flowering,0.819,-34.6,Adequate,29.4946,75.5766,59.6,94.1,0.0
FLD-0506,sugarcane,flowering,0.155,17.2,Urgent,29.998,76.1384,57.6,40.4,19.0
FLD-0507,sugarcane,maturity,0.32,19.9,Urgent,30.2216,75.4682,29.9,10.1,21.9
FLD-0508,sugarcane,maturity,0.804,18.5,Urgent,29.7613,75.5011,24.0,5.5,20.3
FLD-0509,sugarcane,harvest,0.49,10.2,Watch,29.6854,75.6479,12.9,2.7,11.2
FLD-0510,rice,sowing,0.365,21.7,Urgent,30.1224,75.8513,30.4,8.7,23.9
FLD-0511,rice,vegetative,0.368,32.1,Critical,29.9683,75.9929,40.2,8.1,35.3
FLD-0512,rice,flowering,0.341,12.9,Watch,29.8108,75.5175,52.7,39.7,14.2
FLD-0513,rice,maturity,0.277,-11.5,Adequate,30.0249,75.5652,42.9,54.4,0.0
FLD-0514,cotton,vegetative,0.518,20.3,Urgent,30.0472,75.5055,20.3,0.0,22.3
FLD-0515,cotton,vegetative,0.547,10.1,Watch,29.6853,76.1903,25.6,15.4,11.2
FLD-0516,cotton,flowering,0.488,-0.9,Adequate,30.1248,75.8602,50.5,51.4,0.0
FLD-0517,cotton,maturity,0.18,-26.3,Adequate,29.9865,76.1811,33.3,59.6,0.0
FLD-0518,cotton,harvest,0.571,-93.4,Adequate,30.1354,76.1274,18.4,111.9,0.0
FLD-0519,cotton,sowing,0.31,4.7,Adequate,29.6496,75.9088,10.1,5.4,5.2
FLD-0520,cotton,vegetative,0.438,-10.8,Adequate,30.1519,76.14,25.6,36.4,0.0
FLD-0521,cotton,vegetative,0.397,-5.5,Adequate,29.6695,76.0444,30.7,36.2,0.0
FLD-0522,cotton,flowering,0.342,2.4,Adequate,30.1381,75.759,54.8,52.4,2.6
FLD-0523,cotton,maturity,0.617,-1.3,Adequate,29.5564,75.9191,32.3,33.5,0.0
FLD-0524,cotton,harvest,0.466,-25.7,Adequate,29.9493,75.5544,16.0,41.7,0.0
FLD-0525,cotton,vegetative,0.666,16.5,Urgent,30.1702,75.5934,20.3,3.8,18.2
FLD-0526,cotton,vegetative,0.217,3.2,Adequate,29.4989,75.9336,25.6,22.4,3.5
FLD-0527,cotton,flowering,0.575,-1.3,Adequate,29.9174,75.6056,50.5,51.8,0.0
FLD-0528,cotton,maturity,0.424,-1.9,Adequate,29.9556,75.8174,33.3,35.3,0.0
FLD-0529,cotton,harvest,0.841,-29.2,Adequate,29.5892,75.9761,18.4,47.6,0.0
FLD-0530,wheat,sowing,0.433,8.3,Watch,29.8226,75.9941,11.6,3.3,9.1
FLD-0531,wheat,vegetative,0.635,28.5,Critical,30.273,75.5227,29.2,0.7,31.4
FLD-0532,wheat,flowering,0.223,-27.5,Adequate,30.0595,75.8827,50.5,77.9,0.0
FLD-0533,wheat,maturity,0.342,-3.5,Adequate,29.5435,75.4885,33.3,36.9,0.0
FLD-0534,wheat,harvest,0.776,-44.3,Adequate,29.6335,75.6787,11.5,55.8,0.0
FLD-0535,cotton,sowing,0.309,0.5,Adequate,29.764,75.4755,10.1,9.6,0.6
FLD-0536,cotton,vegetative,0.513,3.8,Adequate,29.5341,76.0603,25.6,21.8,4.2
FLD-0537,cotton,flowering,0.314,-40.7,Adequate,29.912,76.1241,50.5,91.2,0.0
FLD-0538,cotton,maturity,0.606,-0.1,Adequate,29.9064,75.6795,33.3,33.5,0.0
FLD-0539,cotton,harvest,0.383,-22.9,Adequate,30.0156,76.2153,18.4,41.3,0.0
FLD-0540,cotton,harvest,0.613,10.1,Watch,29.9262,76.0045,16.0,5.9,11.1
FLD-0541,wheat,sowing,0.476,1.5,Adequate,29.5281,75.8698,11.6,10.1,1.6
FLD-0542,wheat,vegetative,0.82,16.8,Urgent,29.6202,75.972,29.2,12.4,18.5
FLD-0543,wheat,flowering,0.291,22.1,Urgent,29.9087,75.4973,50.5,28.4,24.3
FLD-0544,wheat,maturity,0.465,12.1,Watch,30.0849,75.6981,33.3,21.3,13.3
FLD-0545,wheat,harvest,0.615,-16.0,Adequate,30.1164,76.1617,11.5,27.5,0.0
FLD-0546,cotton,sowing,0.314,10.1,Watch,29.7995,75.5419,10.1,0.0,11.1
FLD-0547,cotton,vegetative,0.845,6.1,Watch,30.2216,75.852,25.6,19.5,6.7
FLD-0548,cotton,flowering,0.739,0.1,Adequate,29.8968,75.9189,50.5,50.4,0.1
FLD-0549,cotton,flowering,0.212,13.0,Watch,30.0842,75.5222,54.8,41.8,14.3
FLD-0550,cotton,maturity,0.728,-12.4,Adequate,30.1056,75.987,32.3,44.7,0.0
FLD-0551,cotton,harvest,0.175,1.1,Adequate,29.7225,75.6305,16.0,14.9,1.2
FLD-0552,wheat,sowing,0.402,1.6,Adequate,29.5501,76.1696,11.6,10.0,1.7
FLD-0553,wheat,vegetative,0.538,15.4,Urgent,29.7244,75.7376,29.2,13.8,16.9
FLD-0554,wheat,flowering,0.463,9.1,Watch,29.9605,75.8325,50.5,41.4,10.0
FLD-0555,wheat,maturity,0.794,-3.5,Adequate,29.8776,76.2137,33.3,36.9,0.0
FLD-0556,wheat,harvest,0.746,-24.9,Adequate,29.6468,76.1645,11.5,36.5,0.0
